year,sex,ethnicity,population,,,,
1980,both,overall,13879.2,,,,13879.2
1980,both,bumi,7926.6,,,,
1980,both,chinese,4460.1,,,,
1980,both,indian,1189.8,,,,
1980,both,other,302.7,,,,
1980,female,overall,6887.2,,,,
1980,female,bumi,3971,,,,
1980,female,chinese,2210.7,,,,
1980,female,indian,575,,,,
1980,female,other,130.5,,,,
1980,male,overall,6992,,,,
1980,male,bumi,3955.7,,,,
1980,male,chinese,2249.4,,,,
1980,male,indian,614.7,,,,
1980,male,other,172.2,,,,
1981,both,overall,14256.9,,,,14256.9
1981,both,bumi,8200.6,,,,
1981,both,chinese,4521.1,,,,
1981,both,indian,1212.7,,,,
1981,both,other,322.5,,,,
1981,female,overall,7068.3,,,,
1981,female,bumi,4100.9,,,,
1981,female,chinese,2240.3,,,,
1981,female,indian,587.5,,,,
1981,female,other,139.6,,,,
1981,male,overall,7188.6,,,,
1981,male,bumi,4099.7,,,,
1981,male,chinese,2280.8,,,,
1981,male,indian,625.2,,,,
1981,male,other,182.9,,,,
1982,both,overall,14651,,,,14651
1982,both,bumi,8489.3,,,,
1982,both,chinese,4581.6,,,,
1982,both,indian,1236.6,,,,
1982,both,other,343.5,,,,
1982,female,overall,7257,,,,
1982,female,bumi,4238.3,,,,
1982,female,chinese,2269.4,,,,
1982,female,indian,600.2,,,,
1982,female,other,149.1,,,,
1982,male,overall,7394,,,,
1982,male,bumi,4251.1,,,,
1982,male,chinese,2312.2,,,,
1982,male,indian,636.4,,,,
1982,male,other,194.3,,,,
1983,both,overall,15048.2,,,,15048.2
1983,both,bumi,8786.6,,,,
1983,both,chinese,4637.7,,,,
1983,both,indian,1259,,,,
1983,both,other,364.9,,,,
1983,female,overall,7447.6,,,,
1983,female,bumi,4380.2,,,,
1983,female,chinese,2296.2,,,,
1983,female,indian,612.2,,,,
1983,female,other,159,,,,
1983,male,overall,7600.6,,,,
1983,male,bumi,4406.4,,,,
1983,male,chinese,2341.6,,,,
1983,male,indian,646.7,,,,
1983,male,other,205.9,,,,
1984,both,overall,15450.3,,,,15450.3
1984,both,bumi,9093.3,,,,
1984,both,chinese,4690.5,,,,
1984,both,indian,1279.9,,,,
1984,both,other,386.6,,,,
1984,female,overall,7640.1,,,,
1984,female,bumi,4526.2,,,,
1984,female,chinese,2321.3,,,,
1984,female,indian,623.7,,,,
1984,female,other,168.9,,,,
1984,male,overall,7810.2,,,,
1984,male,bumi,4567.1,,,,
1984,male,chinese,2369.2,,,,
1984,male,indian,656.2,,,,
1984,male,other,217.7,,,,
1985,both,overall,15882.8,,,,15882.8
1985,both,bumi,9425.7,,,,
1985,both,chinese,4747.2,,,,
1985,both,indian,1301.2,,,,
1985,both,other,408.7,,,,
1985,female,overall,7849.6,,,,
1985,female,bumi,4686.3,,,,
1985,female,chinese,2348.8,,,,
1985,female,indian,635.4,,,,
1985,female,other,179.1,,,,
1985,male,overall,8033.2,,,,
1985,male,bumi,4739.4,,,,
1985,male,chinese,2398.4,,,,
1985,male,indian,665.8,,,,
1985,male,other,229.6,,,,
1986,both,overall,16329.4,,,,16329.4
1986,both,bumi,9774.3,,,,
1986,both,chinese,4800.3,,,,
1986,both,indian,1323.6,,,,
1986,both,other,431.2,,,,
1986,female,overall,8065.4,,,,
1986,female,bumi,4854.3,,,,
1986,female,chinese,2374.1,,,,
1986,female,indian,647.6,,,,
1986,female,other,189.4,,,,
1986,male,overall,8264,,,,
1986,male,bumi,4920,,,,
1986,male,chinese,2426.2,,,,
1986,male,indian,676,,,,
1986,male,other,241.8,,,,
1987,both,overall,16773.4,,,,16773.4
1987,both,bumi,10127.6,,,,
1987,both,chinese,4845.2,,,,
1987,both,indian,1347,,,,
1987,both,other,453.6,,,,
1987,female,overall,8278.7,,,,
1987,female,bumi,5024,,,,
1987,female,chinese,2394.8,,,,
1987,female,indian,660.2,,,,
1987,female,other,199.7,,,,
1987,male,overall,8494.7,,,,
1987,male,bumi,5103.7,,,,
1987,male,chinese,2450.3,,,,
1987,male,indian,686.7,,,,
1987,male,other,254,,,,
1988,both,overall,17219.1,,,,17219.1
1988,both,bumi,10480.5,,,,
1988,both,chinese,4893.4,,,,
1988,both,indian,1368.3,,,,
1988,both,other,476.9,,,,
1988,female,overall,8493.1,,,,
1988,female,bumi,5193.5,,,,
1988,female,chinese,2417.5,,,,
1988,female,indian,671.7,,,,
1988,female,other,210.4,,,,
1988,male,overall,8726,,,,
1988,male,bumi,5287,,,,
1988,male,chinese,2475.9,,,,
1988,male,indian,696.5,,,,
1988,male,other,266.6,,,,
1989,both,overall,17662,,,,17662
1989,both,bumi,10824.5,,,,
1989,both,chinese,4948.4,,,,
1989,both,indian,1387.8,,,,
1989,both,other,501.3,,,,
1989,female,overall,8705.6,,,,
1989,female,bumi,5358.7,,,,
1989,female,chinese,2443.4,,,,
1989,female,indian,682.3,,,,
1989,female,other,221.2,,,,
1989,male,overall,8956.4,,,,
1989,male,bumi,5465.8,,,,
1989,male,chinese,2505,,,,
1989,male,indian,705.5,,,,
1989,male,other,280.1,,,,
1990,both,overall,18102.4,,,,18102.4
1990,both,bumi,11178.6,,,,
1990,both,chinese,4989.9,,,,
1990,both,indian,1408.7,,,,
1990,both,other,525.2,,,,
1990,female,overall,8917.1,,,,
1990,female,bumi,5528.5,,,,
1990,female,chinese,2463.3,,,,
1990,female,indian,693.3,,,,
1990,female,other,232,,,,
1990,male,overall,9185.3,,,,
1990,male,bumi,5650,,,,
1990,male,chinese,2526.7,,,,
1990,male,indian,715.3,,,,
1990,male,other,293.3,,,,
1991,both,overall,18547.2,,,,18547.2
1991,both,bumi_malay,9259.4,,,,
1991,both,bumi_other,1862.7,,,,
1991,both,chinese,5020.9,,,,
1991,both,indian,1406.5,,,,
1991,both,other_citizen,194.7,,,,
1991,both,other_noncitizen,803,,,,
1991,female,overall,9130.7,,,,
1991,female,bumi_malay,4619.3,,,,
1991,female,bumi_other,912.2,,,,
1991,female,chinese,2475.9,,,,
1991,female,indian,696.7,,,,
1991,female,other_citizen,96.6,,,,
1991,female,other_noncitizen,330,,,,
1991,male,overall,9416.5,,,,
1991,male,bumi_malay,4640.2,,,,
1991,male,bumi_other,950.4,,,,
1991,male,chinese,2545,,,,
1991,male,indian,709.8,,,,
1991,male,other_citizen,98.1,,,,
1991,male,other_noncitizen,473,,,,
1992,both,overall,19067.6,,,,19067.6
1992,both,bumi_malay,9518.4,,,,
1992,both,bumi_other,1940.3,,,,
1992,both,chinese,5099,,,,
1992,both,indian,1438.2,,,,
1992,both,other_citizen,209.3,,,,
1992,both,other_noncitizen,862.4,,,,
1992,female,overall,9380.6,,,,
1992,female,bumi_malay,4744.4,,,,
1992,female,bumi_other,951.4,,,,
1992,female,chinese,2510.3,,,,
1992,female,indian,713,,,,
1992,female,other_citizen,103.6,,,,
1992,female,other_noncitizen,357.9,,,,
1992,male,overall,9687,,,,
1992,male,bumi_malay,4773.8,,,,
1992,male,bumi_other,989.1,,,,
1992,male,chinese,2588.7,,,,
1992,male,indian,725.2,,,,
1992,male,other_citizen,105.7,,,,
1992,male,other_noncitizen,504.5,,,,
1993,both,overall,19601.5,,,,19601.5
1993,both,bumi_malay,9784.7,,,,
1993,both,bumi_other,2019,,,,
1993,both,chinese,5181.4,,,,
1993,both,indian,1470,,,,
1993,both,other_citizen,220,,,,
1993,both,other_noncitizen,926.4,,,,
1993,female,overall,9638.1,,,,
1993,female,bumi_malay,4873.4,,,,
1993,female,bumi_other,990.8,,,,
1993,female,chinese,2547.8,,,,
1993,female,indian,729.3,,,,
1993,female,other_citizen,108.8,,,,
1993,female,other_noncitizen,388,,,,
1993,male,overall,9963.4,,,,
1993,male,bumi_malay,4911.2,,,,
1993,male,bumi_other,1028.2,,,,
1993,male,chinese,2633.6,,,,
1993,male,indian,740.7,,,,
1993,male,other_citizen,111.3,,,,
1993,male,other_noncitizen,538.4,,,,
1994,both,overall,20141.8,,,,20141.8
1994,both,bumi_malay,10056.6,,,,
1994,both,bumi_other,2098,,,,
1994,both,chinese,5264.4,,,,
1994,both,indian,1501.8,,,,
1994,both,other_citizen,228.5,,,,
1994,both,other_noncitizen,992.5,,,,
1994,female,overall,9898.8,,,,
1994,female,bumi_malay,5005.5,,,,
1994,female,bumi_other,1030.5,,,,
1994,female,chinese,2585.1,,,,
1994,female,indian,745.7,,,,
1994,female,other_citizen,112.9,,,,
1994,female,other_noncitizen,419.1,,,,
1994,male,overall,10243,,,,
1994,male,bumi_malay,5051,,,,
1994,male,bumi_other,1067.5,,,,
1994,male,chinese,2679.3,,,,
1994,male,indian,756.2,,,,
1994,male,other_citizen,115.6,,,,
1994,male,other_noncitizen,573.4,,,,
1995,both,overall,20681.8,,,,20681.8
1995,both,bumi_malay,10333.5,,,,
1995,both,bumi_other,2175.6,,,,
1995,both,chinese,5345.7,,,,
1995,both,indian,1532.5,,,,
1995,both,other_citizen,236.3,,,,
1995,both,other_noncitizen,1058.2,,,,
1995,female,overall,10160.3,,,,
1995,female,bumi_malay,5140.3,,,,
1995,female,bumi_other,1069.9,,,,
1995,female,chinese,2621.5,,,,
1995,female,indian,761.5,,,,
1995,female,other_citizen,116.8,,,,
1995,female,other_noncitizen,450.3,,,,
1995,male,overall,10521.5,,,,
1995,male,bumi_malay,5193.2,,,,
1995,male,bumi_other,1105.6,,,,
1995,male,chinese,2724.2,,,,
1995,male,indian,771,,,,
1995,male,other_citizen,119.6,,,,
1995,male,other_noncitizen,607.9,,,,
1996,both,overall,21222.6,,,,
1996,both,bumi_malay,10611.3,,,,21222.6
1996,both,bumi_other,2253.6,,,,
1996,both,chinese,5426.3,,,,
1996,both,indian,1563.1,,,,
1996,both,other_citizen,243.9,,,,
1996,both,other_noncitizen,1124.4,,,,
1996,female,overall,10422.3,,,,
1996,female,bumi_malay,5275.5,,,,
1996,female,bumi_other,1109.4,,,,
1996,female,chinese,2657.8,,,,
1996,female,indian,777.2,,,,
1996,female,other_citizen,120.7,,,,
1996,female,other_noncitizen,481.7,,,,
1996,male,overall,10800.3,,,,
1996,male,bumi_malay,5335.8,,,,
1996,male,bumi_other,1144.2,,,,
1996,male,chinese,2768.4,,,,
1996,male,indian,785.8,,,,
1996,male,other_citizen,123.5,,,,
1996,male,other_noncitizen,642.6,,,,
1997,both,overall,21769.3,,,,21769.3
1997,both,bumi_malay,10894.8,,,,
1997,both,bumi_other,2330.4,,,,
1997,both,chinese,5506.7,,,,
1997,both,indian,1594.4,,,,
1997,both,other_citizen,251.4,,,,
1997,both,other_noncitizen,1191.6,,,,
1997,female,overall,10687.3,,,,
1997,female,bumi_malay,5413.5,,,,
1997,female,bumi_other,1148.4,,,,
1997,female,chinese,2694,,,,
1997,female,indian,793.3,,,,
1997,female,other_citizen,124.6,,,,
1997,female,other_noncitizen,513.5,,,,
1997,male,overall,11082,,,,
1997,male,bumi_malay,5481.2,,,,
1997,male,bumi_other,1182,,,,
1997,male,chinese,2812.7,,,,
1997,male,indian,801.1,,,,
1997,male,other_citizen,126.9,,,,
1997,male,other_noncitizen,678.1,,,,
1998,both,overall,22333.6,,,,22333.6
1998,both,bumi_malay,11188.6,,,,
1998,both,bumi_other,2408.2,,,,
1998,both,chinese,5588.7,,,,
1998,both,indian,1627.1,,,,
1998,both,other_citizen,259.3,,,,
1998,both,other_noncitizen,1261.7,,,,
1998,female,overall,10961.6,,,,
1998,female,bumi_malay,5557,,,,
1998,female,bumi_other,1188,,,,
1998,female,chinese,2731.1,,,,
1998,female,indian,810.2,,,,
1998,female,other_citizen,128.7,,,,
1998,female,other_noncitizen,546.6,,,,
1998,male,overall,11372,,,,
1998,male,bumi_malay,5631.6,,,,
1998,male,bumi_other,1220.1,,,,
1998,male,chinese,2857.6,,,,
1998,male,indian,816.9,,,,
1998,male,other_citizen,130.6,,,,
1998,male,other_noncitizen,715.2,,,,
1999,both,overall,22909.5,,,,22909.5
1999,both,bumi_malay,11486,,,,
1999,both,bumi_other,2485.5,,,,
1999,both,chinese,5674.8,,,,
1999,both,indian,1661,,,,
1999,both,other_citizen,267.6,,,,
1999,both,other_noncitizen,1334.6,,,,
1999,female,overall,11242.9,,,,
1999,female,bumi_malay,5702.8,,,,
1999,female,bumi_other,1227.7,,,,
1999,female,chinese,2770.8,,,,
1999,female,indian,827.9,,,,
1999,female,other_citizen,133,,,,
1999,female,other_noncitizen,580.7,,,,
1999,male,overall,11666.6,,,,
1999,male,bumi_malay,5783,,,,
1999,male,bumi_other,1258,,,,
1999,male,chinese,2904.2,,,,
1999,male,indian,833.1,,,,
1999,male,other_citizen,134.4,,,,
1999,male,other_noncitizen,753.9,,,,
2000,both,overall,23494.9,,,,23494.9
2000,both,bumi_malay,11785.9,,,,
2000,both,bumi_other,2563.5,,,,
2000,both,chinese,5761.6,,,,
2000,both,indian,1696.1,,,,
2000,both,other_citizen,274.7,,,,
2000,both,other_noncitizen,1413.1,,,,
2000,female,overall,11529.3,,,,
2000,female,bumi_malay,5850.3,,,,
2000,female,bumi_other,1267.5,,,,
2000,female,chinese,2811.2,,,,
2000,female,indian,845.6,,,,
2000,female,other_citizen,136.8,,,,
2000,female,other_noncitizen,617.9,,,,
2000,male,overall,11965.6,,,,
2000,male,bumi_malay,5935.6,,,,
2000,male,bumi_other,1295.7,,,,
2000,male,chinese,2950.6,,,,
2000,male,indian,850.6,,,,
2000,male,other_citizen,137.9,,,,
2000,male,other_noncitizen,795.2,,,,
2001,both,overall,24030.4,,,,24030.4
2001,both,bumi_malay,12041.5,,,,
2001,both,bumi_other,2632.7,,,,
2001,both,chinese,5849.2,,,,
2001,both,indian,1722.9,,,,
2001,both,other_citizen,276,,,,
2001,both,other_noncitizen,1508.1,,,,
2001,female,overall,11773.1,,,,
2001,female,bumi_malay,5976,,,,
2001,female,bumi_other,1301.1,,,,
2001,female,chinese,2851.4,,,,
2001,female,indian,858.9,,,,
2001,female,other_citizen,137.1,,,,
2001,female,other_noncitizen,648.6,,,,
2001,male,overall,12257.3,,,,
2001,male,bumi_malay,6065.5,,,,
2001,male,bumi_other,1331.6,,,,
2001,male,chinese,2997.8,,,,
2001,male,indian,864,,,,
2001,male,other_citizen,138.9,,,,
2001,male,other_noncitizen,859.5,,,,
2002,both,overall,24542.6,,,,24542.6
2002,both,bumi_malay,12291.6,,,,
2002,both,bumi_other,2702.6,,,,
2002,both,chinese,5923,,,,
2002,both,indian,1748.4,,,,
2002,both,other_citizen,276.6,,,,
2002,both,other_noncitizen,1600.4,,,,
2002,female,overall,12005.5,,,,
2002,female,bumi_malay,6098.8,,,,
2002,female,bumi_other,1335,,,,
2002,female,chinese,2885,,,,
2002,female,indian,871.2,,,,
2002,female,other_citizen,137.2,,,,
2002,female,other_noncitizen,678.3,,,,
2002,male,overall,12537.1,,,,
2002,male,bumi_malay,6192.6,,,,
2002,male,bumi_other,1367.7,,,,
2002,male,chinese,3038.1,,,,
2002,male,indian,877.2,,,,
2002,male,other_citizen,139.4,,,,
2002,male,other_noncitizen,922.1,,,,
2003,both,overall,25038,,,,25038
2003,both,bumi_malay,12532,,,,
2003,both,bumi_other,2772.3,,,,
2003,both,chinese,5994.3,,,,
2003,both,indian,1772.3,,,,
2003,both,other_citizen,277,,,,
2003,both,other_noncitizen,1690.1,,,,
2003,female,overall,12229.9,,,,
2003,female,bumi_malay,6217.5,,,,
2003,female,bumi_other,1368.7,,,,
2003,female,chinese,2917.1,,,,
2003,female,indian,882.9,,,,
2003,female,other_citizen,137.1,,,,
2003,female,other_noncitizen,706.6,,,,
2003,male,overall,12808.1,,,,
2003,male,bumi_malay,6314.5,,,,
2003,male,bumi_other,1403.6,,,,
2003,male,chinese,3077.2,,,,
2003,male,indian,889.4,,,,
2003,male,other_citizen,139.9,,,,
2003,male,other_noncitizen,983.5,,,,
2004,both,overall,25541.6,,,,25541.6
2004,both,bumi_malay,12777.9,,,,
2004,both,bumi_other,2845.9,,,,
2004,both,chinese,6061.5,,,,
2004,both,indian,1796.7,,,,
2004,both,other_citizen,277.4,,,,
2004,both,other_noncitizen,1782.2,,,,
2004,female,overall,12462.8,,,,
2004,female,bumi_malay,6341.1,,,,
2004,female,bumi_other,1405.1,,,,
2004,female,chinese,2948,,,,
2004,female,indian,895.4,,,,
2004,female,other_citizen,137.1,,,,
2004,female,other_noncitizen,736.1,,,,
2004,male,overall,13078.8,,,,
2004,male,bumi_malay,6436.8,,,,
2004,male,bumi_other,1440.8,,,,
2004,male,chinese,3113.5,,,,
2004,male,indian,901.3,,,,
2004,male,other_citizen,140.3,,,,
2004,male,other_noncitizen,1046.1,,,,
2005,both,overall,26045.6,,,,26045.6
2005,both,bumi_malay,13024.4,,,,
2005,both,bumi_other,2923,,,,
2005,both,chinese,6127.3,,,,
2005,both,indian,1819.5,,,,
2005,both,other_citizen,277.4,,,,
2005,both,other_noncitizen,1874,,,,
2005,female,overall,12692.3,,,,
2005,female,bumi_malay,6463,,,,
2005,female,bumi_other,1442.5,,,,
2005,female,chinese,2977.9,,,,
2005,female,indian,906.6,,,,
2005,female,other_citizen,136.9,,,,
2005,female,other_noncitizen,765.4,,,,
2005,male,overall,13353.3,,,,
2005,male,bumi_malay,6561.3,,,,
2005,male,bumi_other,1480.4,,,,
2005,male,chinese,3149.5,,,,
2005,male,indian,912.9,,,,
2005,male,other_citizen,140.6,,,,
2005,male,other_noncitizen,1108.6,,,,
2006,both,overall,26549.8,,,,26549.8
2006,both,bumi_malay,13270.5,,,,
2006,both,bumi_other,3003,,,,
2006,both,chinese,6191.4,,,,
2006,both,indian,1841.6,,,,
2006,both,other_citizen,278.3,,,,
2006,both,other_noncitizen,1965,,,,
2006,female,overall,12922.4,,,,
2006,female,bumi_malay,6585.1,,,,
2006,female,bumi_other,1481.7,,,,
2006,female,chinese,3007.1,,,,
2006,female,indian,917.3,,,,
2006,female,other_citizen,136.9,,,,
2006,female,other_noncitizen,794.3,,,,
2006,male,overall,13627.4,,,,
2006,male,bumi_malay,6685.5,,,,
2006,male,bumi_other,1521.3,,,,
2006,male,chinese,3184.3,,,,
2006,male,indian,924.4,,,,
2006,male,other_citizen,141.2,,,,
2006,male,other_noncitizen,1170.7,,,,
2007,both,overall,27058.4,,,,27058.4
2007,both,bumi_malay,13522,,,,
2007,both,bumi_other,3085.1,,,,
2007,both,chinese,6253.6,,,,
2007,both,indian,1863.3,,,,
2007,both,other_citizen,279.1,,,,
2007,both,other_noncitizen,2055.3,,,,
2007,female,overall,13154.7,,,,
2007,female,bumi_malay,6710.2,,,,
2007,female,bumi_other,1521.9,,,,
2007,female,chinese,3034.8,,,,
2007,female,indian,927.9,,,,
2007,female,other_citizen,137.1,,,,
2007,female,other_noncitizen,822.8,,,,
2007,male,overall,13903.7,,,,
2007,male,bumi_malay,6811.8,,,,
2007,male,bumi_other,1563.3,,,,
2007,male,chinese,3218.6,,,,
2007,male,indian,935.4,,,,
2007,male,other_citizen,142.1,,,,
2007,male,other_noncitizen,1232.5,,,,
2008,both,overall,27567.6,,,,27567.6
2008,both,bumi_malay,13771.7,,,,
2008,both,bumi_other,3171.5,,,,
2008,both,chinese,6314.7,,,,
2008,both,indian,1884.2,,,,
2008,both,other_citizen,280.8,,,,
2008,both,other_noncitizen,2144.7,,,,
2008,female,overall,13388.5,,,,
2008,female,bumi_malay,6834.9,,,,
2008,female,bumi_other,1564.3,,,,
2008,female,chinese,3062.6,,,,
2008,female,indian,938.3,,,,
2008,female,other_citizen,137.5,,,,
2008,female,other_noncitizen,850.9,,,,
2008,male,overall,14179.1,,,,
2008,male,bumi_malay,6936.9,,,,
2008,male,bumi_other,1607.2,,,,
2008,male,chinese,3252.1,,,,
2008,male,indian,945.9,,,,
2008,male,other_citizen,143.2,,,,
2008,male,other_noncitizen,1293.8,,,,
2009,both,overall,28081.5,,,,28081.5
2009,both,bumi_malay,14031.5,,,,
2009,both,bumi_other,3261.6,,,,
2009,both,chinese,6372.6,,,,
2009,both,indian,1904.6,,,,
2009,both,other_citizen,278,,,,
2009,both,other_noncitizen,2233.2,,,,
2009,female,overall,13624.6,,,,
2009,female,bumi_malay,6963.6,,,,
2009,female,bumi_other,1608.8,,,,
2009,female,chinese,3089.2,,,,
2009,female,indian,948.4,,,,
2009,female,other_citizen,135.9,,,,
2009,female,other_noncitizen,878.7,,,,
2009,male,overall,14456.9,,,,
2009,male,bumi_malay,7068,,,,
2009,male,bumi_other,1652.8,,,,
2009,male,chinese,3283.2,,,,
2009,male,indian,956.2,,,,
2009,male,other_citizen,142.2,,,,
2009,male,other_noncitizen,1354.5,,,,
2010,both,overall,28588.6,,,,28588.6
2010,both,bumi_malay,14322.1,,,,
2010,both,bumi_other,3354.7,,,,
2010,both,chinese,6430.4,,,,
2010,both,indian,1924.9,,,,
2010,both,other_citizen,232,,,,
2010,both,other_noncitizen,2324.5,,,,
2010,female,overall,13858.1,,,,
2010,female,bumi_malay,7107,,,,
2010,female,bumi_other,1654.6,,,,
2010,female,chinese,3116.4,,,,
2010,female,indian,958.7,,,,
2010,female,other_citizen,113.2,,,,
2010,female,other_noncitizen,908.2,,,,
2010,male,overall,14730.5,,,,
2010,male,bumi_malay,7215.1,,,,
2010,male,bumi_other,1700.1,,,,
2010,male,chinese,3313.9,,,,
2010,male,indian,966.2,,,,
2010,male,other_citizen,118.9,,,,
2010,male,other_noncitizen,1416.3,,,,
2011,both,overall,29062,,,,29062
2011,both,bumi_malay,14551.3,,,,
2011,both,bumi_other,3412.9,,,,
2011,both,chinese,6471.1,,,,
2011,both,indian,1939.7,,,,
2011,both,other_citizen,241.9,,,,
2011,both,other_noncitizen,2445.1,,,,
2011,female,overall,14082,,,,
2011,female,bumi_malay,7222.1,,,,
2011,female,bumi_other,1683.7,,,,
2011,female,chinese,3137.3,,,,
2011,female,indian,966.8,,,,
2011,female,other_citizen,117.9,,,,
2011,female,other_noncitizen,954.2,,,,
2011,male,overall,14980,,,,
2011,male,bumi_malay,7329.2,,,,
2011,male,bumi_other,1729.2,,,,
2011,male,chinese,3333.8,,,,
2011,male,indian,972.9,,,,
2011,male,other_citizen,124,,,,
2011,male,other_noncitizen,1490.9,,,,
2012,both,overall,29510,,,,29510
2012,both,bumi_malay,14780.3,,,,
2012,both,bumi_other,3469.6,,,,
2012,both,chinese,6510.7,,,,
2012,both,indian,1952,,,,
2012,both,other_citizen,249.1,,,,
2012,both,other_noncitizen,2548.3,,,,
2012,female,overall,14294.7,,,,
2012,female,bumi_malay,7335.7,,,,
2012,female,bumi_other,1710.9,,,,
2012,female,chinese,3158.5,,,,
2012,female,indian,973.7,,,,
2012,female,other_citizen,121.4,,,,
2012,female,other_noncitizen,994.5,,,,
2012,male,overall,15215.3,,,,
2012,male,bumi_malay,7444.5,,,,
2012,male,bumi_other,1758.7,,,,
2012,male,chinese,3352.2,,,,
2012,male,indian,978.4,,,,
2012,male,other_citizen,127.7,,,,
2012,male,other_noncitizen,1553.8,,,,
2013,both,overall,30214,,,,30214
2013,both,bumi_malay,15022.5,,,,
2013,both,bumi_other,3526.9,,,,
2013,both,chinese,6554.4,,,,
2013,both,indian,1965.2,,,,
2013,both,other_citizen,257,,,,
2013,both,other_noncitizen,2888,,,,
2013,female,overall,14609.2,,,,
2013,female,bumi_malay,7456.2,,,,
2013,female,bumi_other,1738.9,,,,
2013,female,chinese,3181.8,,,,
2013,female,indian,981.6,,,,
2013,female,other_citizen,125.5,,,,
2013,female,other_noncitizen,1125.2,,,,
2013,male,overall,15604.8,,,,
2013,male,bumi_malay,7566,,,,
2013,male,bumi_other,1788,,,,
2013,male,chinese,3372.7,,,,
2013,male,indian,983.7,,,,
2013,male,other_citizen,131.5,,,,
2013,male,other_noncitizen,1762.9,,,,
2014,both,overall,30708.5,,,,30708.5
2014,both,bumi_malay,15285.3,,,,
2014,both,bumi_other,3581.5,,,,
2014,both,chinese,6586.2,,,,
2014,both,indian,1977.7,,,,
2014,both,other_citizen,265.5,,,,
2014,both,other_noncitizen,3012.3,,,,
2014,female,overall,14840.7,,,,
2014,female,bumi_malay,7586.2,,,,
2014,female,bumi_other,1767.5,,,,
2014,female,chinese,3199,,,,
2014,female,indian,989.9,,,,
2014,female,other_citizen,129.4,,,,
2014,female,other_noncitizen,1168.7,,,,
2014,male,overall,15867.8,,,,
2014,male,bumi_malay,7699.1,,,,
2014,male,bumi_other,1814.2,,,,
2014,male,chinese,3387.1,,,,
2014,male,indian,987.9,,,,
2014,male,other_citizen,136.1,,,,
2014,male,other_noncitizen,1843.6,,,,
2015,both,overall,31186.1,,,,31186.1
2015,both,bumi_malay,15548.6,,,,
2015,both,bumi_other,3634.1,,,,
2015,both,chinese,6618.8,,,,
2015,both,indian,1986.4,,,,
2015,both,other_citizen,272.1,,,,
2015,both,other_noncitizen,3126.1,,,,
2015,female,overall,15074,,,,
2015,female,bumi_malay,7722,,,,
2015,female,bumi_other,1792.2,,,,
2015,female,chinese,3217,,,,
2015,female,indian,995.5,,,,
2015,female,other_citizen,132.4,,,,
2015,female,other_noncitizen,1214.9,,,,
2015,male,overall,16112.1,,,,
2015,male,bumi_malay,7826.8,,,,
2015,male,bumi_other,1841.9,,,,
2015,male,chinese,3401.6,,,,
2015,male,indian,990.8,,,,
2015,male,other_citizen,139.7,,,,
2015,male,other_noncitizen,1911.3,,,,
2016,both,overall,31633.5,,,,31633.5
2016,both,bumi_malay,15796.5,,,,
2016,both,bumi_other,3688.8,,,,
2016,both,chinese,6645.7,,,,
2016,both,indian,1991.6,,,,
2016,both,other_citizen,280.9,,,,
2016,both,other_noncitizen,3230,,,,
2016,female,overall,15287.2,,,,
2016,female,bumi_malay,7844,,,,
2016,female,bumi_other,1818.5,,,,
2016,female,chinese,3232.3,,,,
2016,female,indian,1000,,,,
2016,female,other_citizen,136.7,,,,
2016,female,other_noncitizen,1255.7,,,,
2016,male,overall,16346.3,,,,
2016,male,bumi_malay,7952.3,,,,
2016,male,bumi_other,1870.4,,,,
2016,male,chinese,3413.5,,,,
2016,male,indian,991.5,,,,
2016,male,other_citizen,144.2,,,,
2016,male,other_noncitizen,1974.4,,,,
2017,both,overall,32022.5,,,,32022.5
2017,both,bumi_malay,16045,,,,
2017,both,bumi_other,3735.9,,,,
2017,both,chinese,6665.3,,,,
2017,both,indian,2001.1,,,,
2017,both,other_citizen,287.7,,,,
2017,both,other_noncitizen,3287.5,,,,
2017,female,overall,15479.8,,,,
2017,female,bumi_malay,7969.4,,,,
2017,female,bumi_other,1842,,,,
2017,female,chinese,3243.9,,,,
2017,female,indian,1006,,,,
2017,female,other_citizen,140.2,,,,
2017,female,other_noncitizen,1278.3,,,,
2017,male,overall,16542.7,,,,
2017,male,bumi_malay,8075.7,,,,
2017,male,bumi_other,1893.8,,,,
2017,male,chinese,3421.2,,,,
2017,male,indian,995.1,,,,
2017,male,other_citizen,147.6,,,,
2017,male,other_noncitizen,2009.3,,,,
2018,both,overall,32382.2,,,,32382.2
2018,both,bumi_malay,16292,,,,
2018,both,bumi_other,3783.2,,,,
2018,both,chinese,6682.3,,,,
2018,both,indian,2008.3,,,,
2018,both,other_citizen,293.7,,,,
2018,both,other_noncitizen,3322.7,,,,
2018,female,overall,15660.8,,,,
2018,female,bumi_malay,8093.5,,,,
2018,female,bumi_other,1865.7,,,,
2018,female,chinese,3254.8,,,,
2018,female,indian,1010.9,,,,
2018,female,other_citizen,143.2,,,,
2018,female,other_noncitizen,1292.7,,,,
2018,male,overall,16721.4,,,,
2018,male,bumi_malay,8198.5,,,,
2018,male,bumi_other,1917.5,,,,
2018,male,chinese,3427.3,,,,
2018,male,indian,997.5,,,,
2018,male,other_citizen,150.6,,,,
2018,male,other_noncitizen,2030,,,,
2019,both,overall,32523.1,,,,32523.1
2019,both,bumi_malay,16534.9,,,,
2019,both,bumi_other,3834.7,,,,
2019,both,chinese,6698.6,,,,
2019,both,indian,2014.8,,,,
2019,both,other_citizen,299.7,,,,
2019,both,other_noncitizen,3140.4,,,,
2019,female,overall,15758.2,,,,
2019,female,bumi_malay,8215.4,,,,
2019,female,bumi_other,1891.3,,,,
2019,female,chinese,3265.2,,,,
2019,female,indian,1015.1,,,,
2019,female,other_citizen,146.2,,,,
2019,female,other_noncitizen,1225,,,,
2019,male,overall,16764.9,,,,
2019,male,bumi_malay,8319.5,,,,
2019,male,bumi_other,1943.3,,,,
2019,male,chinese,3433.5,,,,
2019,male,indian,999.7,,,,
2019,male,other_citizen,153.5,,,,
2019,male,other_noncitizen,1915.4,,,,
2020,both,overall,32447.4,,,,32447.4
2020,both,bumi_malay,16913,,,,
2020,both,bumi_other,3736.5,,,,
2020,both,chinese,6892.4,,,,
2020,both,indian,1998.8,,,,
2020,both,other_citizen,215.6,,,,
2020,both,other_noncitizen,2691.1,,,,
2020,female,overall,15481.2,,,,
2020,female,bumi_malay,8349.3,,,,
2020,female,bumi_other,1848.5,,,,
2020,female,chinese,3374.6,,,,
2020,female,indian,991.3,,,,
2020,female,other_citizen,98.9,,,,
2020,female,other_noncitizen,818.6,,,,
2020,male,overall,16966.2,,,,
2020,male,bumi_malay,8563.7,,,,
2020,male,bumi_other,1888.1,,,,
2020,male,chinese,3517.8,,,,
2020,male,indian,1007.4,,,,
2020,male,other_citizen,116.7,,,,
2020,male,other_noncitizen,1872.5,,,,
2021,both,overall,32576.3,,,,32576.3
2021,both,bumi_malay,17248.4,,,,
2021,both,bumi_other,3654,,,,
2021,both,chinese,6891.7,,,,
2021,both,indian,2002.6,,,,
2021,both,other_citizen,220.1,,,,
2021,both,other_noncitizen,2559.5,,,,
2021,female,overall,15575.8,,,,
2021,female,bumi_malay,8513.5,,,,
2021,female,bumi_other,1808.4,,,,
2021,female,chinese,3377.6,,,,
2021,female,indian,994.6,,,,
2021,female,other_citizen,101.2,,,,
2021,female,other_noncitizen,780.5,,,,
2021,male,overall,17000.5,,,,
2021,male,bumi_malay,8734.8,,,,
2021,male,bumi_other,1845.7,,,,
2021,male,chinese,3514.1,,,,
2021,male,indian,1008,,,,
2021,male,other_citizen,118.9,,,,
2021,male,other_noncitizen,1779,,,,
2022,both,overall,32698.1,,,,32698.1
2022,both,bumi_malay,17422,,,,
2022,both,bumi_other,3679.7,,,,
2022,both,chinese,6873.7,,,,
2022,both,indian,1999.9,,,,
2022,both,other_citizen,222.8,,,,
2022,both,other_noncitizen,2500,,,,
2022,female,overall,15658.3,,,,
2022,female,bumi_malay,8602.4,,,,
2022,female,bumi_other,1822,,,,
2022,female,chinese,3372.6,,,,
2022,female,indian,994.8,,,,
2022,female,other_citizen,102.6,,,,
2022,female,other_noncitizen,763.9,,,,
2022,male,overall,17039.8,,,,
2022,male,bumi_malay,8819.5,,,,
2022,male,bumi_other,1857.8,,,,
2022,male,chinese,3501.1,,,,
2022,male,indian,1005.1,,,,
2022,male,other_citizen,120.2,,,,
2022,male,other_noncitizen,1736.1,,,,
2023,both,overall,33401.8,,,,33401.8
2023,both,bumi_malay,17614.7,,,,
2023,both,bumi_other,3726.5,,,,
2023,both,chinese,6866.2,,,,
2023,both,indian,2002.7,,,,
2023,both,other_citizen,226.9,,,,
2023,both,other_noncitizen,2964.8,,,,
2023,female,overall,15929.5,,,,
2023,female,bumi_malay,8700.5,,,,
2023,female,bumi_other,1845.8,,,,
2023,female,chinese,3372.4,,,,
2023,female,indian,997.6,,,,
2023,female,other_citizen,104.7,,,,
2023,female,other_noncitizen,908.5,,,,
2023,male,overall,17472.3,,,,
2023,male,bumi_malay,8914.4,,,,
2023,male,bumi_other,1880.6,,,,
2023,male,chinese,3493.8,,,,
2023,male,indian,1005.1,,,,
2023,male,other_citizen,122.1,,,,
2023,male,other_noncitizen,2056.3,,,,
2024,both,overall,34058.8,,,,34058.8
2024,both,bumi_malay,17808.5,,,,
2024,both,bumi_other,3760.4,,,,
2024,both,chinese,6857.6,,,,
2024,both,indian,2005.5,,,,
2024,both,other_citizen,230.7,,,,
2024,both,other_noncitizen,3396.1,,,,
2024,female,overall,16176.1,,,,
2024,female,bumi_malay,8798.3,,,,
2024,female,bumi_other,1863,,,,
2024,female,chinese,3371.3,,,,
2024,female,indian,1000.2,,,,
2024,female,other_citizen,106.8,,,,
2024,female,other_noncitizen,1036.5,,,,
2024,male,overall,17882.7,,,,
2024,male,bumi_malay,9010,,,,
2024,male,bumi_other,1897.4,,,,
2024,male,chinese,3486.3,,,,
2024,male,indian,1005.4,,,,
2024,male,other_citizen,124,,,,
2024,male,other_noncitizen,2359.6,,,,
